ds,temperature,humidity,hour,day_of_week,base_demand,hourly_demand_variation,daily_demand_variation,y
01-01-2023 00:00,17.49080238,39.06165331,0,6,83.63010591,0,0,83.63010591
01-01-2023 01:00,29.01428613,33.32481337,1,6,72.18751097,0,0,72.18751097
01-01-2023 02:00,24.63987884,67.05603246,2,6,93.40711272,0,0,93.40711272
01-01-2023 03:00,21.97316968,58.72365566,3,6,58.85748947,0,0,58.85748947
01-01-2023 04:00,13.12037281,72.09143884,4,6,84.63129761,0,0,84.63129761
01-01-2023 05:00,13.11989041,36.98861883,5,6,91.90576448,0,0,91.90576448
01-01-2023 06:00,11.16167224,69.76336559,6,6,97.23071097,0,0,97.23071097
01-01-2023 07:00,27.32352292,40.081366,7,6,84.16240141,0,0,84.16240141
01-01-2023 08:00,22.02230023,38.18279714,8,6,74.8587382,22.08923444,0,96.94797265
01-01-2023 09:00,24.16145156,38.2132899,9,6,80.89236201,25.24644312,0,106.1388051
01-01-2023 10:00,10.41168989,70.72873601,10,6,93.44524922,45.67211777,0,139.117367
01-01-2023 11:00,29.39819704,63.25986103,11,6,78.53048733,26.81538671,0,105.345874
01-01-2023 12:00,26.64885282,56.15327124,12,6,51.51935298,45.11123376,0,96.63058674
01-01-2023 13:00,14.24678221,47.94152421,13,6,96.54743478,28.37828265,0,124.9257174
01-01-2023 14:00,13.63649934,73.86002704,14,6,84.47633755,39.2864573,0,123.7627949
01-01-2023 15:00,13.6680902,49.62225537,15,6,83.82566929,40.82451721,0,124.6501865
01-01-2023 16:00,16.08484486,70.82997197,16,6,60.78375762,35.37964259,0,96.16340021
01-01-2023 17:00,20.49512863,51.95674543,17,6,82.94427351,29.1593203,0,112.1035938
01-01-2023 18:00,18.63890037,48.84722147,18,6,69.69322028,26.37933129,0,96.07255157
01-01-2023 19:00,15.8245828,53.13398928,19,6,82.56164885,20.99568064,0,103.5573295
01-01-2023 20:00,22.23705789,45.06889371,20,6,55.32965152,29.11839204,0,84.44804355
01-01-2023 21:00,12.78987721,67.38046901,21,6,82.89226523,0,0,82.89226523
01-01-2023 22:00,15.84289297,55.1360195,22,6,99.97068629,0,0,99.97068629
01-01-2023 23:00,17.32723687,41.61063476,23,6,52.41060194,0,0,52.41060194
02-01-2023 00:00,19.12139968,74.97872866,0,0,98.85870921,0,16.08397439,114.9426836
02-01-2023 01:00,25.70351923,49.19456107,1,0,70.34539804,0,16.07885025,86.42424828
02-01-2023 02:00,13.99347564,57.17764306,2,0,93.53767252,0,14.60833324,108.1460058
02-01-2023 03:00,20.28468877,75.32360555,3,0,89.1192742,0,10.02947644,99.14875064
02-01-2023 04:00,21.84829138,61.2118998,4,0,78.35081305,0,24.58689588,102.9377089
02-01-2023 05:00,10.92900825,35.84490204,5,0,86.92246046,0,29.33691,116.2593705
02-01-2023 06:00,22.15089704,76.99160618,6,0,93.92577807,0,14.48586967,108.4116477
02-01-2023 07:00,13.41048247,61.38540265,7,0,70.20701608,0,23.26094384,93.46795992
02-01-2023 08:00,11.30103186,46.74528073,8,0,66.35165808,33.41166631,24.83792654,124.6012509
02-01-2023 09:00,28.97771075,36.96360363,9,0,83.37966928,33.81074814,26.96850758,144.158925
02-01-2023 10:00,29.31264066,69.70125946,10,0,90.3922971,45.93690829,18.45258394,154.7817893
02-01-2023 11:00,26.16794696,61.0036378,11,0,88.11425674,36.39944661,16.05861811,140.5723215
02-01-2023 12:00,16.09227538,56.6730546,12,0,89.89068244,31.41201647,16.50590268,137.8086016
02-01-2023 13:00,11.95344228,74.69462915,13,0,71.77916574,49.30400986,24.25242666,145.3356023
02-01-2023 14:00,23.68466053,69.42986056,14,0,90.89171081,23.3216178,26.33558933,140.5489179
02-01-2023 15:00,18.80304987,37.58374399,15,0,56.01045277,32.67645285,13.63227936,102.319185
02-01-2023 16:00,12.4407647,45.58610339,16,0,77.2244549,21.26074026,17.41882016,115.9040153
02-01-2023 17:00,19.9035382,42.42445699,17,0,50.28793302,42.19712362,28.03880393,120.5238606
02-01-2023 18:00,10.68777042,67.19731463,18,0,66.2292915,47.54229657,26.13387039,139.9054585
02-01-2023 19:00,28.18640804,31.67662174,19,0,68.32307674,28.40111989,29.69716806,126.4213647
02-01-2023 20:00,15.17559963,58.49448424,20,0,69.80863458,45.7502503,25.08496519,140.6438501
02-01-2023 21:00,23.25044569,68.12293429,21,0,84.77336033,0,17.86390402,102.6372644
02-01-2023 22:00,16.23422152,73.83828184,22,0,69.42790506,0,21.81275668,91.24066174
02-01-2023 23:00,20.40136042,47.10408744,23,0,72.43468113,0,23.22028508,95.65496622
03-01-2023 00:00,20.93420559,71.06286523,0,1,61.87720654,0,11.56911633,73.44632287
03-01-2023 01:00,13.69708911,35.53158685,1,1,68.66258958,0,20.88993918,89.55252876
03-01-2023 02:00,29.39169256,72.32261459,2,1,61.36348136,0,24.18641657,85.54989793
03-01-2023 03:00,25.50265647,36.37443312,3,1,53.65979619,0,13.34642608,67.00622227
03-01-2023 04:00,28.78997883,49.86436453,4,1,80.17242967,0,25.61263435,105.785064
03-01-2023 05:00,27.89654701,69.86476829,5,1,83.41063993,0,21.67545561,105.0860955
03-01-2023 06:00,21.95799958,37.49587137,6,1,80.9745173,0,29.04443571,110.018953
03-01-2023 07:00,28.4374847,41.46256976,7,1,73.17470219,0,10.84844596,84.02314815
03-01-2023 08:00,11.76985004,66.11262842,8,1,68.98928901,23.37741171,15.30652275,107.6732235
03-01-2023 09:00,13.91965725,66.00182683,9,1,93.16668248,41.11057932,22.03107759,156.3083394
03-01-2023 10:00,10.90454578,62.05738164,10,1,75.95408926,36.2209543,15.93119824,128.1062418
03-01-2023 11:00,16.50660662,64.69742222,11,1,73.95909388,22.89603411,24.28848328,121.1436113
03-01-2023 12:00,17.77354579,57.13622217,12,1,51.28210329,27.25681485,25.18010565,103.7190238
03-01-2023 13:00,15.42698064,42.58995295,13,1,67.06239138,20.37212109,12.05031928,99.48483175
03-01-2023 14:00,26.57475018,47.28479968,14,1,69.00978094,34.06303896,20.27708928,123.3499092
03-01-2023 15:00,17.13506653,39.07988584,15,1,69.94113904,29.03795782,20.17781111,119.156908
03-01-2023 16:00,15.61869019,75.42252807,16,1,79.00861846,37.95072453,17.3856154,134.3449584
03-01-2023 17:00,20.85392166,59.16958974,17,1,76.68012734,28.91713423,28.65849725,134.2557588
03-01-2023 18:00,12.8184845,50.04257084,18,1,80.39525464,28.99757335,26.5501264,135.9429544
03-01-2023 19:00,26.04393962,53.10029018,19,1,88.24416308,42.29579596,23.94418764,154.4841467
03-01-2023 20:00,11.49101287,77.36416698,20,1,90.64928694,21.44428508,24.28653271,136.3801047
03-01-2023 21:00,29.73773873,37.66757016,21,1,85.90615381,0,19.23432288,105.1404767
03-01-2023 22:00,25.44489539,59.3114916,22,1,97.7761848,0,28.41989042,126.1960752
03-01-2023 23:00,13.97431363,55.29443394,23,1,50.91162913,0,23.89190855,74.80353768
04-01-2023 00:00,10.11044234,60.57271177,0,2,59.78889928,0,24.57962123,84.36852052
04-01-2023 01:00,26.30922857,30.90550919,1,2,50.37814375,0,27.23381808,77.61196182
04-01-2023 02:00,24.13714688,73.60619545,2,2,82.37373571,0,15.48143179,97.85516749
04-01-2023 03:00,24.58014336,76.60591412,3,2,94.90152745,0,26.14141808,121.0429455
04-01-2023 04:00,25.42540693,58.25665918,4,2,62.17411483,0,13.90481206,76.07892689
04-01-2023 05:00,11.48089303,64.83254119,5,2,96.35172724,0,16.90683904,113.2585663
04-01-2023 06:00,17.16931457,76.12496906,6,2,53.01336951,0,16.71220909,69.7255786
04-01-2023 07:00,12.31738119,65.36193172,7,2,96.72180134,0,29.57050937,126.2923107
04-01-2023 08:00,27.26206852,37.62695215,8,2,67.58113436,49.86312549,27.13074447,144.5750043
04-01-2023 09:00,22.46596254,58.81441801,9,2,55.07104142,45.67088282,24.02339723,124.7653215
04-01-2023 10:00,16.6179605,60.33575232,10,2,74.29358796,35.64337067,24.54113523,134.4780939
04-01-2023 11:00,11.27116701,51.20653357,11,2,62.83882839,21.90922728,21.24145589,105.9895116
04-01-2023 12:00,16.21964643,66.82221178,12,2,64.2436451,44.94120543,28.94181334,138.1266639
04-01-2023 13:00,16.50366644,76.71835074,13,2,65.36449825,37.96935525,19.92517506,123.2590285
04-01-2023 14:00,24.59212357,76.27842565,14,2,90.15129489,23.44798991,17.6103542,131.209639
04-01-2023 15:00,22.75114943,52.54196857,15,2,76.95806383,22.81571854,13.26070674,113.0344891
04-01-2023 16:00,27.74425485,35.66190229,16,2,65.56538496,47.28880458,25.72411305,138.5783026
04-01-2023 17:00,19.4442985,79.24205995,17,2,80.51668917,40.07600789,24.68887864,145.2815757
04-01-2023 18:00,12.39188492,71.94490432,18,2,85.80753371,44.87860398,17.68710077,148.3732385
04-01-2023 19:00,24.26489574,36.23313406,19,2,63.63120004,46.36936701,10.50386828,120.5044353
04-01-2023 20:00,25.21570097,76.04209413,20,2,70.67745508,37.15317056,26.77994655,134.6105722
04-01-2023 21:00,21.22554395,73.4948181,21,2,56.09430467,0,10.22835967,66.32266434
04-01-2023 22:00,25.4193436,55.94190286,22,2,59.05746748,0,24.07399559,83.13146307
04-01-2023 23:00,19.87591193,59.56377179,23,2,84.0558927,0,29.40514219,113.4610349
05-01-2023 00:00,20.45465659,49.95013519,0,3,59.07191738,0,18.75322656,77.82514395
05-01-2023 01:00,18.55082037,32.73808194,1,3,76.25816918,0,14.6994681,90.95763728
05-01-2023 02:00,10.50838253,46.75986208,2,3,85.45231309,0,24.0974202,109.5497333
05-01-2023 03:00,12.15782854,70.14267243,3,3,55.34384615,0,26.34256284,81.686409
05-01-2023 04:00,10.62858371,30.23160115,4,3,78.36561098,0,20.92860632,99.2942173
05-01-2023 05:00,22.72820823,46.67495858,5,3,62.82813919,0,29.34070551,92.16884469
05-01-2023 06:00,16.28711962,49.90843468,6,3,98.14634376,0,11.03337443,109.1797182
05-01-2023 07:00,20.17141382,56.86978015,7,3,74.17728234,0,20.09591197,94.2731943
05-01-2023 08:00,28.15132948,75.99278082,8,3,90.29962749,41.07901319,24.36907895,155.7477196
05-01-2023 09:00,14.98584458,47.31729972,9,3,77.51132711,27.12300405,27.25280942,131.8871406
05-01-2023 10:00,18.20765846,47.34766009,10,3,52.17062664,35.37091333,13.58511224,101.1266522
05-01-2023 11:00,25.11102277,66.87506241,11,3,81.65756878,23.12674408,26.00006964,130.7843825
05-01-2023 12:00,14.57596331,52.61089704,12,3,97.57016711,31.53533983,21.05414151,150.1596485
05-01-2023 13:00,11.5395982,41.23024115,13,3,80.08059101,34.63001206,17.93107364,132.6416767
05-01-2023 14:00,15.79502906,52.62197581,14,3,90.95944297,39.56672779,12.63430057,143.1604713
05-01-2023 15:00,13.22442575,37.04285102,15,3,94.21032317,48.51593158,27.30591518,170.0321699
05-01-2023 16:00,28.59395305,38.81934933,16,3,61.4039886,38.019532,13.14546416,112.5689848
05-01-2023 17:00,26.16240759,54.91838864,17,3,60.602242,42.30781749,16.19575718,119.1058167
05-01-2023 18:00,22.66807513,50.94627248,18,3,80.54904944,35.18798178,15.80091064,131.5379419
05-01-2023 19:00,27.4292118,75.74229505,19,3,70.55142349,39.02312094,27.42828068,137.0028251
05-01-2023 20:00,26.07344154,48.11969496,20,3,91.99306514,22.12796648,23.45405988,137.5750915
05-01-2023 21:00,13.73140118,59.02941751,21,3,95.00115617,0,25.93362794,120.9347841
05-01-2023 22:00,27.85117997,61.6132144,22,3,67.67106897,0,15.00935798,82.68042694
05-01-2023 23:00,20.78684484,30.65472283,23,3,61.84352795,0,22.49748199,84.34100994
06-01-2023 00:00,26.1488031,63.1768686,0,4,89.02627576,0,21.43491966,110.4611954
06-01-2023 01:00,27.921826,38.90179834,1,4,63.74030178,0,26.65660754,90.39690931
06-01-2023 02:00,16.3600695,78.05351587,2,4,91.13071593,0,28.12174121,119.2524571
06-01-2023 03:00,12.20103849,37.43313639,3,4,71.18691268,0,10.24313543,81.43004811
06-01-2023 04:00,14.55870325,50.73120619,4,4,83.37749496,0,23.48039838,106.8578933
06-01-2023 05:00,18.54215577,34.2674834,5,4,54.77676569,0,11.03671598,65.81348167
06-01-2023 06:00,26.36029532,79.84371259,6,4,81.19296623,0,20.9771733,102.1701395
06-01-2023 07:00,27.21461167,55.10975052,7,4,72.58838394,0,15.75265458,88.34103852
06-01-2023 08:00,10.13904261,59.76925087,8,4,79.33042316,28.42049647,16.13553199,123.8864516
06-01-2023 09:00,20.21494605,33.35382387,9,4,58.40071039,26.20977735,17.05917007,101.6696578
06-01-2023 10:00,18.34822006,67.49802352,10,4,86.84368725,35.49717885,22.42584898,144.7667151
06-01-2023 11:00,14.44215621,40.49527965,11,4,93.13985388,20.16517397,16.68099931,129.9860272
06-01-2023 12:00,12.39730735,74.90271447,12,4,60.83699,20.22992098,24.65398101,105.720892
06-01-2023 13:00,16.75230343,40.25698202,13,4,54.78572778,26.57206427,18.09054771,99.44833976
06-01-2023 14:00,28.85819408,39.53438603,14,4,51.1819293,21.10164088,11.36706401,83.65063418
06-01-2023 15:00,16.46405864,31.82748339,15,4,82.09857502,23.24077262,25.67519685,131.0145445
06-01-2023 16:00,20.37581243,53.60334726,16,4,80.3547018,30.16581948,15.71516649,126.2356878
06-01-2023 17:00,24.06037918,58.24205666,17,4,77.33487064,44.07757039,18.65533759,140.0677786
06-01-2023 18:00,17.27259205,33.28543197,18,4,61.59735481,37.1614593,23.70887766,122.4676918
06-01-2023 19:00,29.43564165,68.77638083,19,4,69.5452998,35.38003178,16.64912314,121.5744547
06-01-2023 20:00,29.2489459,52.66444174,20,4,79.72381676,28.8046647,11.13171312,119.6601946
06-01-2023 21:00,15.03564592,56.21951347,21,4,74.83834294,0,17.47842094,92.31676388
06-01-2023 22:00,19.94497012,52.03813735,22,4,99.38927601,0,28.88897165,128.2782477
06-01-2023 23:00,16.0175662,50.03815304,23,4,56.82198763,0,22.83468795,79.65667557
07-01-2023 00:00,15.69680989,57.98201657,0,5,84.7572277,0,0,84.7572277
07-01-2023 01:00,10.73773895,37.7620123,1,5,70.21593841,0,0,70.21593841
07-01-2023 02:00,22.19128668,39.09640652,2,5,71.40998075,0,0,71.40998075
07-01-2023 03:00,20.05358046,73.08928105,3,5,85.87988828,0,0,85.87988828
07-01-2023 04:00,11.02957502,77.30577311,4,5,84.62180757,0,0,84.62180757
07-01-2023 05:00,15.57292928,48.66546581,5,5,99.56279969,0,0,99.56279969
07-01-2023 06:00,28.16531772,43.53723366,6,5,56.41971447,0,0,56.41971447
07-01-2023 07:00,14.79123781,62.19997716,7,5,55.20548247,0,0,55.20548247
07-01-2023 08:00,12.89789744,50.43670855,8,5,86.21694086,23.9446736,0,110.1616145
07-01-2023 09:00,19.78905521,31.26931778,9,5,78.91934585,28.24194577,0,107.1612916
07-01-2023 10:00,29.71300908,37.80762987,10,5,63.70803333,31.83728227,0,95.5453156
07-01-2023 11:00,14.84110543,65.79861144,11,5,53.97096845,32.65484536,0,86.62581381
07-01-2023 12:00,23.44271095,62.9461971,12,5,54.28291248,32.33063226,0,86.61354474
07-01-2023 13:00,25.23239231,31.35479963,13,5,94.70954373,47.22833008,0,141.9378738
07-01-2023 14:00,14.75275088,41.0986081,14,5,59.59336624,41.42097933,0,101.0143456
07-01-2023 15:00,24.56432697,41.55373983,15,5,66.16857811,38.23715642,0,104.4057345
07-01-2023 16:00,17.35566265,63.59463718,16,5,61.33282011,29.28118154,0,90.61400165
07-01-2023 17:00,22.64611661,30.98552689,17,5,67.74981529,44.71371153,0,112.4635268
07-01-2023 18:00,22.67059422,35.2054291,18,5,53.47119214,48.65181534,0,102.1230075
07-01-2023 19:00,20.71549368,69.99580427,19,5,75.95298955,44.63594848,0,120.588938
07-01-2023 20:00,11.8057954,38.9272331,20,5,53.38062818,20.04695316,0,73.42758134
07-01-2023 21:00,26.70604991,62.63730539,21,5,90.01782539,0,0,90.01782539
07-01-2023 22:00,16.4156013,41.90913905,22,5,61.6856041,0,0,61.6856041
07-01-2023 23:00,13.73037021,34.97206964,23,5,77.00059573,0,0,77.00059573
08-01-2023 00:00,10.81550283,42.15860955,0,6,94.00395438,0,0,94.00395438
08-01-2023 01:00,21.81785886,66.11334659,1,6,82.54386845,0,0,82.54386845
08-01-2023 02:00,23.55128724,72.78482341,2,6,76.64788933,0,0,76.64788933
08-01-2023 03:00,10.33175658,71.51099323,3,6,66.21668766,0,0,66.21668766
08-01-2023 04:00,20.24186117,49.85917648,4,6,66.65009565,0,0,66.65009565
08-01-2023 05:00,14.5299155,63.40425683,5,6,83.47434776,0,0,83.47434776
08-01-2023 06:00,22.90345581,40.24921477,6,6,99.70696806,0,0,99.70696806
08-01-2023 07:00,13.48732858,44.65738651,7,6,83.09195949,0,0,83.09195949
08-01-2023 08:00,23.81875476,74.81679093,8,6,77.88917087,32.56843371,0,110.4576046
08-01-2023 09:00,17.73470693,30.65009618,9,6,86.53252551,42.53534143,0,129.0678669
08-01-2023 10:00,28.73459977,34.27542654,10,6,73.26028061,22.13022994,0,95.39051055
08-01-2023 11:00,12.75041888,40.39431276,11,6,53.00711713,22.40540042,0,75.41251755
08-01-2023 12:00,16.82132702,31.32661019,12,6,78.11484079,30.64313876,0,108.7579795
08-01-2023 13:00,12.26947042,39.07177175,13,6,97.88126423,48.25177135,0,146.1330356
08-01-2023 14:00,28.49387237,59.15207805,14,6,58.76514712,40.0571794,0,98.82232652
08-01-2023 15:00,27.54678707,51.07122753,15,6,84.50024454,40.3600987,0,124.8603432
08-01-2023 16:00,15.15883255,74.63358555,16,6,60.04668443,30.85759973,0,90.90428416
08-01-2023 17:00,23.19968092,70.87217809,17,6,76.79138422,37.80982374,0,114.601208
08-01-2023 18:00,26.344444,47.09086758,18,6,54.83382248,20.30393552,0,75.137758
08-01-2023 19:00,21.10401623,42.97117167,19,6,72.51854681,39.08288139,0,111.6014282
08-01-2023 20:00,20.59301157,48.98462041,20,6,87.80816644,47.39860843,0,135.2067749
08-01-2023 21:00,14.83704582,59.51474713,21,6,67.37857621,0,0,67.37857621
08-01-2023 22:00,11.86205536,43.40318204,22,6,83.24558622,0,0,83.24558622
08-01-2023 23:00,27.94431516,61.20744539,23,6,89.77249804,0,0,89.77249804
09-01-2023 00:00,28.00836114,50.47058261,0,0,96.35889097,0,28.93467458,125.2935656
09-01-2023 01:00,22.66202915,57.60235904,1,0,61.73210409,0,12.11811609,73.85022018
09-01-2023 02:00,16.78059582,51.80632646,2,0,69.96579579,0,13.09657225,83.06236804
09-01-2023 03:00,16.98419149,44.72328798,3,0,57.62080067,0,28.89472518,86.51552584
09-01-2023 04:00,24.51911358,77.42266535,4,0,99.62417511,0,24.73070457,124.3548797
09-01-2023 05:00,27.9422052,68.18028971,5,0,96.3500484,0,27.6598765,124.0099249
09-01-2023 06:00,27.74172849,37.00565879,6,0,76.99785651,0,14.05265268,91.0505092
09-01-2023 07:00,25.59751092,73.42339879,7,0,92.10166472,0,21.75171742,113.8533821
09-01-2023 08:00,22.84063292,54.37155991,8,0,76.04789886,34.58001481,24.02279189,134.6507056
09-01-2023 09:00,11.6827993,74.72761134,9,0,81.1792844,37.3159966,23.60223771,142.0975187
09-01-2023 10:00,13.23257428,69.9927628,10,0,54.45622161,21.31217217,18.16303382,93.93142759
09-01-2023 11:00,27.97108377,51.26067522,11,0,87.76352102,23.69009885,10.30789783,121.7615177
09-01-2023 12:00,22.12858119,31.12346542,12,0,56.38567418,36.75927189,21.65852114,114.8034672
09-01-2023 13:00,10.18394103,43.43386797,13,0,91.30338151,30.2950206,15.06203078,136.6604329
09-01-2023 14:00,12.02943086,57.08171073,14,0,89.10140438,41.87520463,19.00508492,149.9816939
09-01-2023 15:00,23.27003538,61.67391099,15,0,85.43723489,39.56874946,29.1516203,154.1576046
09-01-2023 16:00,10.10123168,42.89438427,16,0,51.80801903,45.36813089,17.98070635,115.1568563
09-01-2023 17:00,13.21616103,36.9678037,17,0,65.1564178,40.7747848,26.79603213,132.7272347
09-01-2023 18:00,20.97467579,71.74651184,18,0,63.1556285,32.89793232,13.77081211,109.8243729
09-01-2023 19:00,23.83790395,79.22010904,19,0,68.00682037,40.18899867,23.44920996,131.645029
09-01-2023 20:00,23.03922519,56.28450912,20,0,54.38213734,28.26143523,29.54013909,112.1837117
09-01-2023 21:00,14.48538619,38.58396429,21,0,96.84789115,0,12.03786202,108.8857532
09-01-2023 22:00,24.24358443,43.61536633,22,0,77.69011204,0,10.16639884,87.85651088
09-01-2023 23:00,14.74498175,30.91953383,23,0,65.27621553,0,18.67165585,83.94787139
10-01-2023 00:00,16.50799396,75.71494033,0,1,69.84907585,0,11.85250966,81.70158551
10-01-2023 01:00,24.9298281,35.88755414,1,1,72.36012703,0,24.96768699,97.32781402
10-01-2023 02:00,22.99265798,58.82582378,2,1,80.02971667,0,28.29097328,108.3206899
10-01-2023 03:00,26.98446821,43.70276103,3,1,75.78397138,0,18.68041945,94.46439084
10-01-2023 04:00,23.15225785,57.70890013,4,1,95.96959866,0,15.17423284,111.1438315
10-01-2023 05:00,21.36617207,62.57101942,5,1,74.84817415,0,18.68806638,93.53624053
10-01-2023 06:00,11.87349536,71.48709019,6,1,99.60790074,0,24.46895636,124.0768571
10-01-2023 07:00,17.35431606,40.32106359,7,1,92.57124789,0,10.18108323,102.7523311
10-01-2023 08:00,15.30404735,30.54979143,8,1,60.42552572,38.032225,21.78907979,120.2468305
10-01-2023 09:00,14.87979287,36.8442815,9,1,96.52976073,41.16757588,22.2658337,159.9631703
10-01-2023 10:00,29.4602111,75.00093209,10,1,55.81831989,40.65215055,22.75376494,119.2242354
10-01-2023 11:00,17.86195449,73.69450388,11,1,90.87248542,31.23658661,14.8404416,136.9495136
10-01-2023 12:00,27.8409311,59.87065511,12,1,69.03116467,25.00580605,24.28105447,118.3180252
10-01-2023 13:00,22.62277252,60.02584302,13,1,93.89871602,32.91588015,11.82782973,138.6424259
10-01-2023 14:00,25.89622607,63.25183373,14,1,93.40283451,24.27782432,13.98540673,131.6660656
10-01-2023 15:00,20.05274186,38.76856393,15,1,90.29627001,46.70291106,27.54940093,164.548582
10-01-2023 16:00,21.53807769,75.7205973,16,1,89.50152182,30.37632382,24.77446301,144.6523087
10-01-2023 17:00,19.85035388,50.93852624,17,1,65.23395695,24.63379242,10.27491108,100.1426605
10-01-2023 18:00,13.90485976,49.15692641,18,1,54.04596415,20.7634328,14.96752521,89.77692216
10-01-2023 19:00,24.44904231,55.94588526,19,1,70.14900894,39.37467159,14.28812966,123.8118102
10-01-2023 20:00,15.61544725,32.34829834,20,1,58.67622575,39.10706952,15.41612656,113.1994218
10-01-2023 21:00,10.48631933,38.31416844,21,1,84.74755445,0,14.95119541,99.69874985
10-01-2023 22:00,22.90944592,66.90168082,22,1,67.30498633,0,11.25052591,78.55551224
10-01-2023 23:00,13.54221359,34.1399334,23,1,98.78051004,0,19.17881033,117.9593204
11-01-2023 00:00,28.80917169,60.15760547,0,2,82.04860387,0,24.6546695,106.7032734
11-01-2023 01:00,29.07857154,42.26745548,1,2,91.12402818,0,22.13463449,113.2586627
11-01-2023 02:00,28.2972878,49.4647807,2,2,56.62623364,0,23.45743337,80.08366701
11-01-2023 03:00,17.40317401,44.43468684,3,2,93.10072411,0,11.62298357,104.7237077
11-01-2023 04:00,10.30913233,47.78363582,4,2,96.13785953,0,29.0298142,125.1676737
11-01-2023 05:00,28.56637125,65.95229526,5,2,74.35309594,0,26.76983668,101.1229326
11-01-2023 06:00,18.56368297,44.85608578,6,2,80.31264689,0,26.10180637,106.4144533
11-01-2023 07:00,29.33309638,58.32023201,7,2,88.24049005,0,26.4596761,114.7001661
11-01-2023 08:00,29.27239954,53.80252011,8,2,58.74193136,24.21658903,28.65421016,111.6127306
11-01-2023 09:00,27.06018911,63.18355827,9,2,75.12830382,34.56769099,20.88507932,130.5810741
11-01-2023 10:00,15.88897784,76.84148697,10,2,69.93315139,20.8261016,14.00564036,104.7648933
11-01-2023 11:00,17.70195457,66.62860486,11,2,57.31869961,35.16365354,22.33567216,114.8180253
11-01-2023 12:00,27.02273343,40.74701893,12,2,68.37672111,48.92052221,24.85762987,142.1548732
11-01-2023 13:00,16.3384401,31.55915675,13,2,53.40861547,31.52620139,24.75834787,109.6931647
11-01-2023 14:00,13.38985493,43.11320221,14,2,51.29059535,21.16988038,20.42898048,92.88945621
11-01-2023 15:00,21.13602525,59.75389654,15,2,56.75831446,20.92867373,11.36917439,89.05616257
11-01-2023 16:00,28.72309548,32.57129067,16,2,98.15575558,31.6396028,17.42225877,147.2176171
11-01-2023 17:00,23.92059593,54.81831236,17,2,77.47647679,24.80074809,28.41533217,130.6925571
11-01-2023 18:00,21.4012234,59.84214245,18,2,98.29110806,20.70056289,21.6889782,140.6806491
11-01-2023 19:00,11.94352988,46.71219454,19,2,71.62489392,42.68640842,20.76663887,135.0779412
11-01-2023 20:00,22.30014453,68.54561019,20,2,65.59080665,33.75569027,15.37707029,114.7235672
11-01-2023 21:00,29.801077,35.32991266,21,2,75.30709314,0,17.3689784,92.67607154
11-01-2023 22:00,12.8016803,33.75688909,22,2,71.97558443,0,27.90692178,99.88250621
11-01-2023 23:00,20.36659305,66.40943781,23,2,55.28323421,0,23.32926095,78.61249516
12-01-2023 00:00,27.54746144,54.77456581,0,3,82.04131573,0,25.74774054,107.7890563
12-01-2023 01:00,24.81537236,64.42011982,1,3,60.80190913,0,19.08690846,79.88881759
12-01-2023 02:00,23.94031482,51.74136693,2,3,80.97939774,0,22.60494439,103.5843421
12-01-2023 03:00,24.04968168,42.32010166,3,3,82.51005462,0,14.96767217,97.47772679
12-01-2023 04:00,17.18982302,70.95511588,4,3,57.60124266,0,24.10921661,81.71045926
12-01-2023 05:00,15.87183689,69.97079395,5,3,53.06748136,0,18.55202667,71.61950803
12-01-2023 06:00,26.18722311,64.73482354,6,3,89.0380793,0,18.8509103,107.8889896
12-01-2023 07:00,26.20226789,43.60725686,7,3,72.99002119,0,22.98644649,95.97646768
12-01-2023 08:00,27.34144637,59.51153334,8,3,52.90818978,31.68445685,28.72561243,113.3182591
12-01-2023 09:00,28.26481105,48.04869485,9,3,99.74331586,31.56535714,11.28012693,142.5887999
12-01-2023 10:00,20.22684798,34.57910367,10,3,52.88902805,30.21161313,26.49486475,109.5955059
12-01-2023 11:00,20.03032589,75.86567877,11,3,84.75176144,36.24222822,15.84766221,136.8416519
12-01-2023 12:00,25.96590358,36.84093155,12,3,99.18394626,24.6243513,18.87838909,142.6866866
12-01-2023 13:00,22.99927862,77.51186769,13,3,61.95900521,36.61134456,10.43826658,109.0086163
12-01-2023 14:00,24.03933755,52.30028865,14,3,57.11246843,36.25114437,16.02092156,109.3845344
12-01-2023 15:00,25.91585339,39.25664644,15,3,56.06924697,42.85705438,20.05262485,118.9789262
12-01-2023 16:00,27.80010684,57.09504737,16,3,65.16375738,45.00949886,11.12352155,121.2967778
12-01-2023 17:00,16.75990314,73.64729179,17,3,55.05229055,33.21324051,19.82191459,108.0874456
12-01-2023 18:00,17.51165905,66.61124432,18,3,84.60806708,29.06999748,28.54221258,142.2202771
12-01-2023 19:00,11.8796388,70.32805739,19,3,53.11458991,27.78004692,12.10786436,93.00250119
12-01-2023 20:00,21.56560282,62.93916834,20,3,75.47110641,25.8387151,25.28881456,126.5986361
12-01-2023 21:00,10.71884548,64.61382823,21,3,99.83484269,0,18.19342107,118.0282638
12-01-2023 22:00,19.31196036,72.45978258,22,3,90.69851348,0,23.10347429,113.8019878
12-01-2023 23:00,20.85289269,42.48340044,23,3,80.76097191,0,15.20473196,95.96570387
13-01-2023 00:00,15.73082504,54.47124818,0,4,65.31268104,0,13.18984525,78.50252629
13-01-2023 01:00,21.81666521,41.06047209,1,4,81.19479181,0,13.20925229,94.4040441
13-01-2023 02:00,10.610005,79.3834004,2,4,76.3520732,0,11.40983891,87.76191211
13-01-2023 03:00,10.74696377,77.20296698,3,4,71.30416919,0,13.7129341,85.01710329
13-01-2023 04:00,26.45201121,31.97134057,4,4,56.53551884,0,23.2843877,79.81990654
13-01-2023 05:00,17.20381283,65.27875863,5,4,94.33021076,0,27.63381224,121.964023
13-01-2023 06:00,12.54121025,76.26241587,6,4,72.48923244,0,26.28251371,98.77174615
13-01-2023 07:00,20.4448652,39.02876726,7,4,59.73112559,0,23.7026862,83.43381179
13-01-2023 08:00,25.39987106,58.39726153,8,4,68.38796754,32.05336402,12.20863727,112.6499688
13-01-2023 09:00,14.31642055,75.77441488,9,4,70.70648763,49.81545167,15.78374893,136.3056882
13-01-2023 10:00,22.45780952,31.69729893,10,4,91.37689478,46.40944286,16.19613751,153.9824751
13-01-2023 11:00,11.7069493,64.87101336,11,4,86.68071903,38.70217874,14.99913893,140.3820367
13-01-2023 12:00,11.03363442,44.86745037,12,4,88.46524468,37.08132084,20.30011319,145.8466787
13-01-2023 13:00,20.62709263,76.21980977,13,4,50.55156322,38.61981439,20.7110763,109.8824539
13-01-2023 14:00,20.81270243,78.55291226,14,4,70.80769991,26.03936323,17.1377195,113.9847826
13-01-2023 15:00,22.74859803,77.21332446,15,4,74.06720758,31.8541323,17.07578317,122.9971231
13-01-2023 16:00,24.52182667,53.71071083,16,4,50.95961384,21.18378599,26.57111196,98.71451179
13-01-2023 17:00,29.51704159,73.10213255,17,4,62.99066044,34.26638112,25.78585697,123.0428985
13-01-2023 18:00,20.32600697,72.22746993,18,4,88.01449116,36.29073752,16.15591663,140.4611453
13-01-2023 19:00,16.45912946,45.95502366,19,4,56.85548529,26.83249208,28.27576888,111.9637462
13-01-2023 20:00,25.9037239,71.44577371,20,4,76.76550657,48.92086541,29.05630034,154.7426723
13-01-2023 21:00,15.41664503,31.85038174,21,4,60.7600936,0,16.53485084,77.29494444
13-01-2023 22:00,18.77942841,59.81349392,22,4,50.60603873,0,17.08849898,67.69453771
13-01-2023 23:00,11.56912763,41.50044186,23,4,62.06007288,0,20.11268307,82.17275595
14-01-2023 00:00,10.50701487,36.02834429,0,5,98.79368775,0,0,98.79368775
14-01-2023 01:00,29.25296829,33.84766008,1,5,90.07685559,0,0,90.07685559
14-01-2023 02:00,26.71960241,64.81443879,2,5,97.97883222,0,0,97.97883222
14-01-2023 03:00,23.91948412,46.99374819,3,5,74.3927022,0,0,74.3927022
14-01-2023 04:00,18.17905889,66.23833858,4,5,55.48680993,0,0,55.48680993
14-01-2023 05:00,13.4658864,33.26781704,5,5,77.39797445,0,0,77.39797445
14-01-2023 06:00,13.12874085,45.76451689,6,5,72.71886673,0,0,72.71886673
14-01-2023 07:00,15.00485796,56.97456462,7,5,92.21785414,0,0,92.21785414
14-01-2023 08:00,20.98453329,69.53615824,8,5,54.90412904,24.46387908,0,79.36800812
14-01-2023 09:00,24.29191845,45.93762515,9,5,74.41205685,33.88026815,0,108.292325
14-01-2023 10:00,23.20394753,61.29456882,10,5,57.50243323,49.42962134,0,106.9320546
14-01-2023 11:00,15.59867794,74.29888741,11,5,66.23379634,34.50222308,0,100.7360194
14-01-2023 12:00,29.09730561,60.79315941,12,5,86.86785387,45.90642568,0,132.7742795
14-01-2023 13:00,24.75793833,41.64797374,13,5,73.80090647,37.66194566,0,111.4628521
14-01-2023 14:00,21.08708105,31.22003908,14,5,68.79441426,31.25989724,0,100.0543115
14-01-2023 15:00,22.23441492,73.5049437,15,5,69.72381393,28.57350667,0,98.29732059
14-01-2023 16:00,18.39200125,31.06347054,16,5,72.97233842,26.09669273,0,99.06903115
14-01-2023 17:00,14.95461979,73.73508363,17,5,89.25082719,42.85394574,0,132.1047729
14-01-2023 18:00,17.11945357,56.4468567,18,5,94.60423445,31.5962152,0,126.2004497
14-01-2023 19:00,25.15692221,76.95338493,19,5,97.76673433,35.33826387,0,133.1049982
14-01-2023 20:00,10.28786977,69.93916179,20,5,89.34516931,34.7697644,0,124.1149337
14-01-2023 21:00,12.32145281,79.89670553,21,5,65.77034479,0,0,65.77034479
14-01-2023 22:00,10.92005284,47.53559077,22,5,84.4067353,0,0,84.4067353
14-01-2023 23:00,10.81457605,68.35941445,23,5,71.8801562,0,0,71.8801562
15-01-2023 00:00,27.10921168,50.09654568,0,6,62.7335311,0,0,62.7335311
15-01-2023 01:00,24.07315719,53.99378102,1,6,92.04357897,0,0,92.04357897
15-01-2023 02:00,19.48347658,61.37527316,2,6,51.92131745,0,0,51.92131745
15-01-2023 03:00,11.95668321,73.68385571,3,6,95.08809961,0,0,95.08809961
15-01-2023 04:00,19.8323175,79.20417346,4,6,73.07387323,0,0,73.07387323
15-01-2023 05:00,19.46943542,68.41367069,5,6,81.86007384,0,0,81.86007384
15-01-2023 06:00,13.4640374,50.88833911,6,6,82.96769611,0,0,82.96769611
15-01-2023 07:00,18.67703298,51.06785011,7,6,94.75588704,0,0,94.75588704
15-01-2023 08:00,17.97009469,66.87911508,8,6,81.83348411,33.1744945,0,115.0079786
15-01-2023 09:00,22.31700196,41.93885729,9,6,80.69667924,45.40906563,0,126.1057449
15-01-2023 10:00,22.70187302,35.52370566,10,6,53.33260203,46.79270616,0,100.1253082
15-01-2023 11:00,10.9060802,47.73110788,11,6,75.9204011,21.87372781,0,97.79412891
15-01-2023 12:00,17.49225229,44.36194958,12,6,57.50845004,46.50394289,0,104.0123929
15-01-2023 13:00,22.51719831,44.81540602,13,6,86.87168844,33.44957166,0,120.3212601
15-01-2023 14:00,20.06272517,41.68038755,14,6,75.61109604,35.31297467,0,110.9240707
15-01-2023 15:00,27.12979682,32.10465948,15,6,84.01138896,38.79777533,0,122.8091643
15-01-2023 16:00,23.17387263,30.89369674,16,6,52.08364503,47.7914782,0,99.87512323
15-01-2023 17:00,13.25868854,79.38611949,17,6,54.2396008,20.57348283,0,74.81308364
15-01-2023 18:00,11.41137495,51.38865669,18,6,85.8161694,34.30530405,0,120.1214735
15-01-2023 19:00,22.84838556,49.21633236,19,6,53.6042168,40.63166127,0,94.23587807
15-01-2023 20:00,10.53022621,63.98236413,20,6,53.56283639,41.68120873,0,95.24404512
15-01-2023 21:00,21.71551163,40.91269439,21,6,50.60542376,0,0,50.60542376
15-01-2023 22:00,28.80460483,77.4980592,22,6,97.82506991,0,0,97.82506991
15-01-2023 23:00,21.50948356,69.31725072,23,6,86.87541797,0,0,86.87541797
16-01-2023 00:00,17.76339852,34.47055012,0,0,67.66257043,0,24.04292192,91.70549235
16-01-2023 01:00,22.86576437,50.87903879,1,0,64.82677906,0,13.43387815,78.26065722
16-01-2023 02:00,19.16505781,73.95591538,2,0,67.48516149,0,20.00225504,87.48741653
16-01-2023 03:00,20.91233579,77.23660111,3,0,88.73267656,0,18.2391619,106.9718385
16-01-2023 04:00,28.82929618,53.37007556,4,0,83.06853055,0,27.41053933,110.4790699
16-01-2023 05:00,17.72205276,60.67056946,5,0,59.25977839,0,22.62837842,81.88815682
16-01-2023 06:00,29.22381128,38.3516973,6,0,58.70546677,0,20.65008133,79.3555481
16-01-2023 07:00,28.10701284,79.55843131,7,0,54.91978249,0,12.30789284,67.22767533
16-01-2023 08:00,13.9158227,41.58358507,8,0,83.01513599,44.85407898,22.11275779,149.9819728
16-01-2023 09:00,11.38722602,77.13658871,9,0,88.21863311,28.83858189,12.34407811,129.4012931
16-01-2023 10:00,12.01556003,62.48233245,10,0,63.25232142,20.42945833,16.74413151,100.4259113
16-01-2023 11:00,10.36443651,60.38683974,11,0,51.04724805,42.13608556,12.8568393,106.0401729
16-01-2023 12:00,11.88885922,55.63442555,12,0,54.10858337,45.02433791,23.84147294,122.9743942
16-01-2023 13:00,23.66013547,41.53349059,13,0,98.39300174,42.21428396,14.12504228,154.732328
16-01-2023 14:00,11.42377297,38.8264016,14,0,64.77223887,24.28550862,17.83718746,106.894935
16-01-2023 15:00,16.37951261,41.02431045,15,0,88.46115739,42.60283767,27.91349555,158.9774906
16-01-2023 16:00,26.89750622,39.32191311,16,0,81.23317844,43.06768346,14.08632767,138.3871896
16-01-2023 17:00,10.46543871,68.97922368,17,0,69.09698198,39.75621547,20.15610128,129.0092987
16-01-2023 18:00,26.28936965,47.50626296,18,0,60.28436311,42.98347798,18.38543322,121.6532743
16-01-2023 19:00,15.6370955,32.89213383,19,0,56.06932091,45.37764319,10.36248082,111.8094449
16-01-2023 20:00,12.36329655,78.45513151,20,0,80.7506484,38.40812343,25.85516227,145.0139341
16-01-2023 21:00,23.93474331,74.18929425,21,0,88.73168903,0,11.38091813,100.1126072
16-01-2023 22:00,22.57885694,76.38761416,22,0,82.19521268,0,19.48510042,101.6803131
16-01-2023 23:00,27.54944027,79.74539113,23,0,76.51510666,0,21.2135659,97.72867256
17-01-2023 00:00,24.70142088,38.69476246,0,1,52.09756117,0,22.56852913,74.6660903
17-01-2023 01:00,26.06961861,49.81210095,1,1,98.42443888,0,23.77263259,122.1970715
17-01-2023 02:00,15.64069145,67.91192379,2,1,89.93570958,0,15.06544767,105.0011573
17-01-2023 03:00,13.54879088,64.8010309,3,1,64.64110184,0,10.19957553,74.84067737
17-01-2023 04:00,25.01229503,37.69479532,4,1,98.99851647,0,24.46887325,123.4673897
17-01-2023 05:00,26.13669479,70.79165625,5,1,80.09407948,0,20.71313199,100.8072115
17-01-2023 06:00,29.81010284,41.22202859,6,1,79.12113291,0,26.72235406,105.843487
17-01-2023 07:00,18.25235354,41.19088074,7,1,87.40365897,0,26.42776726,113.8314262
17-01-2023 08:00,17.44036172,56.84872114,8,1,90.5884894,48.65345622,26.86652336,166.108469
17-01-2023 09:00,25.52825921,59.64699674,9,1,82.82393037,35.67729798,19.7018932,138.2031215
17-01-2023 10:00,16.81607081,59.00431039,10,1,56.40478732,28.98697034,16.67256792,102.0643256
17-01-2023 11:00,28.61514651,34.57434187,11,1,66.9133753,22.30586226,25.83116405,115.0504016
17-01-2023 12:00,27.16825504,73.87304313,12,1,96.40418202,35.01872804,19.02588226,150.4487923
17-01-2023 13:00,18.57988055,43.28000213,13,1,61.23078059,43.83546633,13.66884393,118.7350909
17-01-2023 14:00,25.01742136,36.47574606,14,1,68.60835119,41.21259432,27.09948039,136.9204259
17-01-2023 15:00,25.09085748,74.43740399,15,1,71.60384415,21.50678034,27.65119754,120.761822
17-01-2023 16:00,12.06247738,77.78257491,16,1,71.97024948,22.18705506,19.32619512,113.4834997
17-01-2023 17:00,28.05105813,73.10638086,17,1,80.64697912,32.08619848,11.51399455,124.2471721
17-01-2023 18:00,20.10504745,70.47580374,18,1,97.15379189,28.85871482,17.7565218,143.7690285
17-01-2023 19:00,26.52914932,62.76209903,19,1,62.03463559,26.97152969,26.07075319,115.0769185
17-01-2023 20:00,16.40099202,57.54286853,20,1,56.07506882,28.43013497,28.03548057,112.5406844
17-01-2023 21:00,27.91046457,34.349338,21,1,59.87352449,0,14.06945485,73.94297934
17-01-2023 22:00,17.78403357,50.42266065,22,1,94.34624501,0,11.33947224,105.6857173
17-01-2023 23:00,10.21675303,48.63442585,23,1,82.29054063,0,27.54700906,109.8375497
18-01-2023 00:00,28.10763953,42.98768919,0,2,64.29533946,0,17.78809878,82.08343824
18-01-2023 01:00,11.82573354,66.17100568,1,2,90.79734695,0,20.83521929,111.6325662
18-01-2023 02:00,16.38627275,54.79378675,2,2,93.06849982,0,29.36131624,122.4298161
18-01-2023 03:00,29.00123934,34.0523108,3,2,92.32571693,0,11.33129456,103.6570115
18-01-2023 04:00,29.01214294,41.0091601,4,2,95.94632668,0,22.96636015,118.9126868
18-01-2023 05:00,21.46875776,64.16293818,5,2,62.61205101,0,11.48210845,74.09415946
18-01-2023 06:00,22.63674424,33.80654297,6,2,87.75209644,0,17.50937857,105.261475
18-01-2023 07:00,18.96891044,72.5603457,7,2,73.02697486,0,26.0762909,99.10326577
18-01-2023 08:00,15.86421543,54.75732635,8,2,92.09992764,39.43452338,18.66944466,150.2038957
18-01-2023 09:00,16.57329091,54.02932887,9,2,86.42453386,23.68762035,29.94364708,140.0558013
18-01-2023 10:00,23.45036912,59.62038923,10,2,88.82237232,46.65977241,21.1811857,156.6633304
18-01-2023 11:00,25.04749059,71.2340483,11,2,82.80809188,35.09251852,16.42324305,134.3238535
18-01-2023 12:00,25.83158087,47.3904604,12,2,58.87143847,33.48049226,14.40222652,106.7541573
18-01-2023 13:00,25.79236286,63.90080763,13,2,77.25134594,37.57594365,17.01041069,131.8377003
18-01-2023 14:00,11.82412206,58.2865982,14,2,99.23348698,38.74351588,17.45066548,155.4276683
18-01-2023 15:00,19.88840609,43.35141351,15,2,96.86940332,22.15327419,11.37427355,130.3969511
18-01-2023 16:00,11.1511752,73.93149932,16,2,52.15868679,40.47851664,17.39148399,110.0286874
18-01-2023 17:00,20.99057765,69.87130108,17,2,58.24074079,27.25795041,19.28477039,104.7834616
18-01-2023 18:00,18.83061003,62.92259173,18,2,56.58643867,41.41857898,24.45475504,122.4597727
18-01-2023 19:00,27.75408366,72.52908645,19,2,86.2989955,44.67604383,23.13458969,154.109629
18-01-2023 20:00,17.01830025,73.36471005,20,2,90.88926649,44.11875523,24.1753131,159.1833348
18-01-2023 21:00,12.34134033,65.41814884,21,2,60.67556832,0,10.16727364,70.84284195
18-01-2023 22:00,12.85983364,71.85066642,22,2,75.29263465,0,14.35334799,89.64598264
18-01-2023 23:00,25.23021263,64.87357308,23,2,92.0351514,0,23.23368577,115.2688372
19-01-2023 00:00,22.36436127,64.00703859,0,3,86.64007724,0,19.67978736,106.3198646
19-01-2023 01:00,12.02245352,60.93056891,1,3,77.11186027,0,10.10626951,87.21812979
19-01-2023 02:00,11.68213612,67.63583198,2,3,79.51738452,0,26.08989285,105.6072774
19-01-2023 03:00,24.01938263,37.93025526,3,3,75.41802735,0,25.45619147,100.8742188
19-01-2023 04:00,11.45526013,74.04353796,4,3,64.87742257,0,20.96838326,85.84580583
19-01-2023 05:00,26.43720119,73.59217639,5,3,78.25109964,0,11.32926652,89.58036616
19-01-2023 06:00,24.12484454,31.46236415,6,3,84.4442651,0,25.33030099,109.7745661
19-01-2023 07:00,11.62697561,71.29083753,7,3,93.66614579,0,21.67427175,115.3404175
19-01-2023 08:00,11.69675428,36.44349337,8,3,81.8145677,29.52760386,25.63919954,136.9813711
19-01-2023 09:00,29.73279157,46.75594271,9,3,88.05607685,20.00404079,25.03493985,133.0950575
19-01-2023 10:00,17.48541592,67.17541281,10,3,58.00358175,35.33387418,26.06004144,119.3974974
19-01-2023 11:00,17.41284294,38.0379948,11,3,73.07787372,21.40555726,20.36016133,114.8435923
19-01-2023 12:00,26.25599135,70.89835121,12,3,50.46658099,28.28508673,12.80649036,91.55815809
19-01-2023 13:00,28.94497155,71.6067089,13,3,62.33394323,41.20929462,23.42314947,126.9663873
19-01-2023 14:00,29.72002128,55.37338669,14,3,86.32308576,21.88068865,22.4094757,130.6132501
19-01-2023 15:00,25.06756371,30.31929359,15,3,99.59049757,45.18015477,24.84506374,169.6157161
19-01-2023 16:00,17.52519171,44.35190666,16,3,54.95890498,20.11459768,13.39762012,88.47112278
19-01-2023 17:00,11.67001433,60.84634592,17,3,70.07471579,27.40471608,13.899504,111.3789359
19-01-2023 18:00,25.54293832,79.0593089,18,3,90.00354843,42.22712168,27.80819034,160.0388605
19-01-2023 19:00,21.16808499,61.59067635,19,3,60.20178173,29.48810449,24.99955597,114.6894422
19-01-2023 20:00,18.48444018,42.99017905,20,3,77.75424747,23.05677164,28.16456977,128.9755889
19-01-2023 21:00,28.1270877,61.70028515,21,3,86.6535648,0,25.17430642,111.8278712
19-01-2023 22:00,12.22394965,56.99926899,22,3,80.79927251,0,21.94310612,102.7423786
19-01-2023 23:00,19.85250209,68.99226976,23,3,59.40123673,0,23.08265474,82.48389147
20-01-2023 00:00,10.2270729,35.34903194,0,4,67.76922843,0,27.78255848,95.55178691
20-01-2023 01:00,19.37321284,68.05139513,1,4,89.18958922,0,21.57613509,110.7657243
20-01-2023 02:00,11.12606551,57.06332893,2,4,77.71132571,0,22.64782649,100.3591522
20-01-2023 03:00,12.37635833,78.14960019,3,4,50.26148068,0,13.12953432,63.391015
20-01-2023 04:00,12.35052494,47.0936083,4,4,88.049538,0,19.4784244,107.5279624
20-01-2023 05:00,22.98420604,61.63109466,5,4,51.76556775,0,24.32794224,76.09350999
20-01-2023 06:00,24.92089759,76.60140528,6,4,87.28668914,0,15.41885397,102.7055431
20-01-2023 07:00,21.6673753,35.1254864,7,4,60.12402801,0,14.04508361,74.16911162
20-01-2023 08:00,29.24345097,76.86142436,8,4,97.90367401,40.610578,16.27653616,154.7907882
20-01-2023 09:00,17.49741159,64.39428612,9,4,68.39703757,34.81442121,14.83001256,118.0414713
20-01-2023 10:00,15.71424173,33.39185296,10,4,66.34658082,31.62946416,14.29825274,112.2742977
20-01-2023 11:00,27.37198256,45.04817835,11,4,57.44440252,38.98135636,18.49701686,114.9227757
20-01-2023 12:00,14.47191677,65.40860443,12,4,65.28021077,41.11571275,28.15677028,134.5526938
20-01-2023 13:00,29.26445079,33.36753007,13,4,93.83253809,20.13089809,20.14119293,134.1046291
20-01-2023 14:00,10.24308949,59.10852301,14,4,99.81671688,25.00859266,13.75840762,138.5837172
20-01-2023 15:00,29.39757653,47.29415285,15,4,68.41547653,41.39138152,11.53943339,121.3462914
20-01-2023 16:00,10.86319824,61.04577589,16,4,72.43053155,39.99156241,23.9231229,136.3452169
20-01-2023 17:00,27.82286227,32.28710169,17,4,86.10354691,48.98142515,17.65597529,152.7409474
20-01-2023 18:00,20.55402218,73.57684031,18,4,94.30978902,42.83113371,26.43661893,163.5775417
20-01-2023 19:00,29.85929592,78.67444846,19,4,79.65221671,48.52318123,23.19021537,151.3656133
20-01-2023 20:00,11.47593129,78.44389276,20,4,69.57628491,41.07621505,25.92482901,136.577329
20-01-2023 21:00,21.07708569,67.48259159,21,4,70.63109204,0,15.43892079,86.07001283
20-01-2023 22:00,29.38605071,36.50431201,22,4,84.78090732,0,23.84717845,108.6280858
20-01-2023 23:00,20.46195688,67.9131598,23,4,50.16091318,0,15.28123969,65.44215287
21-01-2023 00:00,22.58797276,31.22934582,0,5,80.97946687,0,0,80.97946687
21-01-2023 01:00,23.91497378,31.10617758,1,5,67.77465052,0,0,67.77465052
21-01-2023 02:00,19.0908213,46.18051096,2,5,89.70986656,0,0,89.70986656
21-01-2023 03:00,22.5511616,54.43215952,3,5,54.64953199,0,0,54.64953199
21-01-2023 04:00,21.68628624,68.52037089,4,5,79.41011335,0,0,79.41011335
21-01-2023 05:00,28.02316021,64.16476883,5,5,74.04864449,0,0,74.04864449
21-01-2023 06:00,10.90892761,52.29513532,6,5,82.1162763,0,0,82.1162763
21-01-2023 07:00,15.61926379,43.68133331,7,5,53.24267972,0,0,53.24267972
21-01-2023 08:00,29.00822968,79.85622501,8,5,78.99918937,31.06121513,0,110.0604045
21-01-2023 09:00,27.80527568,51.30906511,9,5,78.0742294,31.09439768,0,109.1686271
21-01-2023 10:00,19.11313506,52.56935122,10,5,78.03300472,21.57065061,0,99.60365533
21-01-2023 11:00,22.40265196,38.18119106,11,5,80.17438333,43.02702886,0,123.2014122
21-01-2023 12:00,15.54762366,69.74047744,12,5,83.82339686,32.49513296,0,116.3185298
21-01-2023 13:00,13.76242319,64.68411129,13,5,90.24944998,44.6653966,0,134.9148466
21-01-2023 14:00,19.2739681,41.03848064,14,5,63.49103601,45.51044003,0,109.001476
21-01-2023 15:00,17.06704456,34.11905228,15,5,91.25247051,26.35982164,0,117.6122921
21-01-2023 16:00,21.67312224,64.0249651,16,5,74.91278411,39.72060447,0,114.6333886
21-01-2023 17:00,11.55469274,62.72556071,17,5,53.85291396,34.16845412,0,88.02136808
21-01-2023 18:00,29.48789615,43.66297635,18,5,52.92754646,46.40470214,0,99.3322486
21-01-2023 19:00,29.72421489,77.54317811,19,5,66.71191593,26.47222038,0,93.18413631
21-01-2023 20:00,23.96323428,37.55289459,20,5,89.24484886,40.33439601,0,129.5792449
21-01-2023 21:00,20.72192733,51.61674005,21,5,85.38404674,0,0,85.38404674
21-01-2023 22:00,16.19055233,77.18079601,22,5,89.43074823,0,0,89.43074823
21-01-2023 23:00,26.27590039,50.98636585,23,5,75.86345282,0,0,75.86345282
22-01-2023 00:00,23.69462345,61.92629738,0,6,72.0099499,0,0,72.0099499
22-01-2023 01:00,13.25233879,49.8797199,1,6,57.37262634,0,0,57.37262634
22-01-2023 02:00,28.21854369,43.71076012,2,6,66.40963768,0,0,66.40963768
22-01-2023 03:00,26.45074486,79.1988824,3,6,71.70096831,0,0,71.70096831
22-01-2023 04:00,28.99599827,50.46670032,4,6,54.43002148,0,0,54.43002148
22-01-2023 05:00,24.51439017,74.70496018,5,6,61.03059764,0,0,61.03059764
22-01-2023 06:00,22.26830392,41.49773029,6,6,79.9112647,0,0,79.9112647
22-01-2023 07:00,18.36486073,40.6552352,7,6,86.78315571,0,0,86.78315571
22-01-2023 08:00,28.65456967,31.55670414,8,6,99.91737557,28.62228789,0,128.5396635
22-01-2023 09:00,27.32127779,62.58334127,9,6,96.65566657,31.03357963,0,127.6892462
22-01-2023 10:00,10.9043734,48.42631719,10,6,82.12825998,21.74275856,0,103.8710185
22-01-2023 11:00,10.52733949,73.21791249,11,6,71.06240266,23.34536637,0,94.40776903
22-01-2023 12:00,17.52926734,53.66049533,12,6,81.80886824,35.47585708,0,117.2847253
22-01-2023 13:00,26.21106662,78.4096714,13,6,89.2825809,28.0277803,0,117.3103612
22-01-2023 14:00,29.74552259,39.27627579,14,6,55.91680955,45.06440677,0,100.9812163
22-01-2023 15:00,13.00833782,73.4311584,15,6,70.49524448,20.44080166,0,90.93604614
22-01-2023 16:00,21.88261431,68.82984264,16,6,91.99011428,31.37282146,0,123.3629357
22-01-2023 17:00,17.61781713,68.54609223,17,6,69.1916476,30.1203664,0,99.312014
22-01-2023 18:00,29.39828796,72.23916141,18,6,78.59361356,20.57982893,0,99.17344249
22-01-2023 19:00,26.84237846,68.05119955,19,6,79.38846804,23.73105197,0,103.11952
22-01-2023 20:00,26.76657409,61.31101608,20,6,59.22381266,32.40928025,0,91.6330929
22-01-2023 21:00,19.3738632,36.56224388,21,6,68.11177208,0,0,68.11177208
22-01-2023 22:00,18.29639005,31.62630897,22,6,66.72556444,0,0,66.72556444
22-01-2023 23:00,15.46814144,76.04239239,23,6,51.30983543,0,0,51.30983543
23-01-2023 00:00,11.12750993,60.83251573,0,0,51.20958819,0,10.44851778,61.65810598
23-01-2023 01:00,27.29444753,69.82686455,1,0,91.58485218,0,17.20853654,108.7933887
23-01-2023 02:00,26.25802018,54.07611758,2,0,63.6535405,0,25.67476502,89.32830552
23-01-2023 03:00,29.99435347,35.86540945,3,0,75.90393831,0,21.32361382,97.22755214
23-01-2023 04:00,29.93273674,36.25928961,4,0,64.93627868,0,16.25555978,81.19183846
23-01-2023 05:00,21.10863411,64.27826436,5,0,97.03396226,0,23.08684011,120.1208024
23-01-2023 06:00,25.3797483,51.51529474,6,0,62.96483794,0,14.64036361,77.60520155
23-01-2023 07:00,28.8953146,40.02623634,7,0,71.48284064,0,10.28762892,81.77046956
23-01-2023 08:00,26.99294781,54.57972734,8,0,93.63651252,43.18764446,25.28706773,162.1112247
23-01-2023 09:00,14.94696203,33.21044685,9,0,92.09667834,35.63888143,22.4748617,150.2104215
23-01-2023 10:00,19.01088271,59.0985701,10,0,59.30507089,49.2804147,25.24605249,133.8315381
23-01-2023 11:00,12.5831883,43.44967022,11,0,90.13216549,23.76650644,10.77876033,124.6774323
23-01-2023 12:00,29.08102055,69.87795503,12,0,72.90934434,20.50842995,26.74239256,120.1601668
23-01-2023 13:00,22.12349269,45.51809795,13,0,74.1484436,43.10474635,22.390524,139.643714
23-01-2023 14:00,14.57285611,52.76100745,14,0,56.67399862,44.21466612,21.26790701,122.1565718
23-01-2023 15:00,23.43401369,30.581027,15,0,54.03007569,23.60621687,22.49228096,100.1285735
23-01-2023 16:00,22.36256481,33.62234439,16,0,86.39696535,27.96748499,27.28866494,141.6531153
23-01-2023 17:00,17.16325436,49.62467782,17,0,74.82305762,20.5265709,21.73873013,117.0883586
23-01-2023 18:00,12.27115184,53.99694174,18,0,71.84253513,28.79925832,21.6190076,122.2608011
23-01-2023 19:00,23.43146391,60.00102741,19,0,86.47541143,43.19425622,29.81358314,159.4832508
23-01-2023 20:00,20.40615402,44.58312894,20,0,88.27564495,35.53881583,25.13460334,148.9490641
23-01-2023 21:00,25.44636783,64.74909431,21,0,57.94540838,0,18.84587611,76.79128449
23-01-2023 22:00,20.40327002,73.00611986,22,0,80.51125747,0,24.14794,104.6591975
23-01-2023 23:00,27.04363001,68.99254944,23,0,56.76770411,0,17.78460943,74.55231355
24-01-2023 00:00,21.03813678,31.98094127,0,1,87.5687543,0,14.57750925,102.1462636
24-01-2023 01:00,21.21875943,54.02534736,1,1,82.84775781,0,21.93703754,104.7847954
24-01-2023 02:00,27.53307205,35.24650892,2,1,97.83073105,0,28.56364196,126.394373
24-01-2023 03:00,18.06965732,42.10225079,3,1,53.44790082,0,28.5827904,82.03069122
24-01-2023 04:00,12.68030457,79.33312966,4,1,52.85273606,0,16.83810556,69.69084162
24-01-2023 05:00,10.57565353,37.12477715,5,1,64.10935373,0,20.55354932,84.66290306
24-01-2023 06:00,25.10274511,54.94440767,6,1,63.08528419,0,14.23271797,77.31800216
24-01-2023 07:00,22.40619103,60.90778672,7,1,62.34893995,0,29.91262219,92.26156214
24-01-2023 08:00,24.08159536,65.12324853,8,1,95.31272903,33.73987277,29.62235816,158.67496
24-01-2023 09:00,14.25928323,57.98243417,9,1,62.47730999,31.94015879,22.99017859,117.4076474
24-01-2023 10:00,12.72742951,30.48854237,10,1,63.59748631,29.08747186,26.08828119,118.7732394
24-01-2023 11:00,10.29089331,46.32306541,11,1,87.96991312,21.97084577,24.30200323,134.2427621
24-01-2023 12:00,17.01175118,55.88558217,12,1,72.48699212,26.8470609,21.86316438,121.1972174
24-01-2023 13:00,21.79835374,34.39332496,13,1,88.83552785,27.39810905,11.06695994,127.3005968
24-01-2023 14:00,17.8448809,47.53134656,14,1,53.26830788,34.52231209,19.09528685,106.8859068
24-01-2023 15:00,18.74949844,31.66015544,15,1,74.37855968,42.4233322,23.49572604,140.2976179
24-01-2023 16:00,28.08317389,33.92892486,16,1,51.68068001,34.21429485,23.55063228,109.4456071
24-01-2023 17:00,16.96510934,49.84616381,17,1,53.13266017,21.73533348,17.46245237,92.33044602
24-01-2023 18:00,20.27978978,36.6357877,18,1,95.32187267,48.73369403,28.83383973,172.8894064
24-01-2023 19:00,25.67306025,58.37704241,19,1,56.96226856,48.28172957,13.34714064,118.5911388
24-01-2023 20:00,17.93085565,64.47324846,20,1,76.62103411,43.55568629,20.00718892,140.1839093
24-01-2023 21:00,22.441734,70.02933496,21,1,70.55478013,0,23.81767953,94.37245966
24-01-2023 22:00,27.24727417,40.00751221,22,1,67.36716631,0,23.94271612,91.30988243
24-01-2023 23:00,28.99041247,38.37412911,23,1,94.99166728,0,22.97277914,117.9644464
25-01-2023 00:00,12.94146962,35.22839202,0,2,51.09116984,0,15.50576427,66.59693411
25-01-2023 01:00,28.5317525,61.82151248,1,2,83.18948431,0,13.12413137,96.31361568
25-01-2023 02:00,19.84232586,65.32378632,2,2,98.16972171,0,22.71880654,120.8885282
25-01-2023 03:00,15.16488777,31.57930724,3,2,78.00840917,0,21.98604232,99.9944515
25-01-2023 04:00,19.18271512,76.81061231,4,2,96.8411231,0,13.58712021,110.4282433
25-01-2023 05:00,29.60065151,32.59856418,5,2,52.61289396,0,24.10278291,76.71567688
25-01-2023 06:00,19.85236188,57.06481677,6,2,70.93966595,0,19.10343983,90.04310579
25-01-2023 07:00,16.57503221,65.45302597,7,2,63.00788955,0,23.35521183,86.36310138
25-01-2023 08:00,22.66801709,73.54845619,8,2,86.54104825,24.40888129,26.7473416,137.6972711
25-01-2023 09:00,14.80291238,65.70434661,9,2,99.06485452,44.3337131,13.39456857,156.7931362
25-01-2023 10:00,11.51726656,70.08640415,10,2,62.82650312,39.07864121,10.38289736,112.2880417
25-01-2023 11:00,12.57759444,46.97250963,11,2,82.70873007,31.64497118,25.58205173,139.935753
25-01-2023 12:00,12.56091678,70.74125569,12,2,59.90488164,40.22390887,22.1939485,122.322739
25-01-2023 13:00,13.03805387,34.00574232,13,2,78.26651273,27.79714938,23.99279139,130.0564535
25-01-2023 14:00,12.77654345,74.7408328,14,2,73.19662433,30.35576625,26.7630995,130.3154901
25-01-2023 15:00,22.8174949,57.37961881,15,2,98.60026648,47.52457529,26.0562187,172.1810605
25-01-2023 16:00,13.63760169,70.8648885,16,2,80.42636363,28.71513517,29.21840294,138.3599017
25-01-2023 17:00,16.91334567,52.61591423,17,2,67.4753186,34.09964804,20.71870158,122.2936682
25-01-2023 18:00,27.9357682,62.17888476,18,2,55.70478924,46.70423412,19.76991265,122.178936
25-01-2023 19:00,19.47923281,56.32013305,19,2,57.56234144,41.23164051,18.037744,116.8317259
25-01-2023 20:00,23.35115477,66.57947609,20,2,61.2658465,21.86609678,13.07382086,96.20576414
25-01-2023 21:00,13.44639742,34.0814991,21,2,62.54833307,0,21.45214466,84.00047772
25-01-2023 22:00,13.84578038,33.0176042,22,2,92.53080289,0,15.54025049,108.0710534
25-01-2023 23:00,10.81737233,42.3551617,23,2,78.06113941,0,28.42615024,106.4872897
26-01-2023 00:00,13.37870126,37.97723401,0,3,76.16954557,0,21.66381609,97.83336165
26-01-2023 01:00,15.57180678,73.58917833,1,3,55.73844359,0,21.85680361,77.5952472
26-01-2023 02:00,13.54020969,40.96069937,2,3,93.00698467,0,17.09849322,110.1054779
26-01-2023 03:00,11.77405068,78.79326279,3,3,86.14071516,0,11.03978704,97.1805022
26-01-2023 04:00,12.41271742,46.84478959,4,3,53.3834181,0,10.63487531,64.0182934
26-01-2023 05:00,19.21557536,39.10589578,5,3,85.39175486,0,18.46670288,103.8584577
26-01-2023 06:00,14.12667437,69.48492536,6,3,77.17691087,0,11.69130756,88.86821843
26-01-2023 07:00,17.28539722,62.93538878,7,3,54.08626729,0,22.13693911,76.2232064
26-01-2023 08:00,20.06834542,54.90978582,8,3,72.91503208,28.24111445,27.61946011,128.7756066
26-01-2023 09:00,23.80789657,57.76817755,9,3,74.23481436,44.20896473,27.65829633,146.1020754
26-01-2023 10:00,10.7862428,65.96008891,10,3,58.28872701,33.78994611,23.1809082,115.2595813
26-01-2023 11:00,25.98820798,41.42273707,11,3,97.28490735,36.39731426,14.22463663,147.9068582
26-01-2023 12:00,22.55800779,79.8166958,12,3,92.49876857,32.98448007,27.25993663,152.7431853
26-01-2023 13:00,11.63518064,78.73965811,13,3,83.45111687,21.31699828,27.72186871,132.4899839
26-01-2023 14:00,27.47157248,62.51628432,14,3,73.11477805,24.97249339,13.9330717,112.0203431
26-01-2023 15:00,28.41744801,39.97712255,15,3,70.58827708,33.36624916,24.74852172,128.703048
26-01-2023 16:00,11.2215592,64.01141212,16,3,82.54867336,26.27556396,15.73039098,124.5546283
26-01-2023 17:00,15.53755296,33.60992045,17,3,77.27159347,21.49937086,26.05280625,124.8237706
26-01-2023 18:00,26.1240256,31.53262511,18,3,53.11365529,45.30948992,29.944758,128.3679032
26-01-2023 19:00,24.96519381,42.88414443,19,3,75.62513244,49.43577587,10.60052011,135.6614284
26-01-2023 20:00,13.69042039,53.13114784,20,3,90.32018086,43.79428622,27.94731732,162.0617844
26-01-2023 21:00,14.18698647,73.41362527,21,3,72.96199388,0,22.45261067,95.41460455
26-01-2023 22:00,17.40944206,66.35845349,22,3,52.59782888,0,29.46765238,82.06548126
26-01-2023 23:00,19.6904597,67.13532606,23,3,89.31390997,0,19.30019035,108.6141003
27-01-2023 00:00,22.36509543,51.27466672,0,4,60.06818911,0,26.94775861,87.01594772
27-01-2023 01:00,17.37827279,47.29674963,1,4,62.93104174,0,11.24788137,74.17892312
27-01-2023 02:00,19.25069432,48.55193815,2,4,58.23531767,0,16.705581,74.94089867
27-01-2023 03:00,24.94941876,79.38247819,3,4,66.51075324,0,11.34033076,77.851084
27-01-2023 04:00,10.73366406,32.00545957,4,4,87.83757528,0,29.50686267,117.344438
27-01-2023 05:00,15.04873889,73.35157481,5,4,75.96929298,0,26.33947815,102.3087711
27-01-2023 06:00,24.26699172,58.93377043,6,4,60.24406371,0,27.05094842,87.29501213
27-01-2023 07:00,27.90413675,51.93077096,7,4,93.89150391,0,28.75930463,122.6508085
27-01-2023 08:00,20.23354884,66.26288302,8,4,93.97909275,37.80682806,11.70206972,143.4879905
27-01-2023 09:00,20.64226971,54.33344707,9,4,93.52892125,22.19244686,17.71195185,133.43332
27-01-2023 10:00,12.14344023,73.6711619,10,4,61.93981057,38.67029794,11.42069778,112.0308063
27-01-2023 11:00,18.94824734,75.0350932,11,4,72.56196721,49.4353351,14.21586203,136.2131643
27-01-2023 12:00,20.65234533,51.08604634,12,4,99.24948281,25.70322949,14.58731554,139.5400278
27-01-2023 13:00,14.84941007,43.84138986,13,4,88.60062382,43.77785349,19.38214422,151.7606215
27-01-2023 14:00,15.38486462,59.61751643,14,4,51.35837106,47.23696381,15.37124335,113.9665782
27-01-2023 15:00,17.54568326,75.61816728,15,4,53.26022956,48.31104778,12.01956214,113.5908395
27-01-2023 16:00,10.40142396,40.53310945,16,4,73.19656884,48.80406813,13.34982178,135.3504588
27-01-2023 17:00,16.44158331,61.14832918,17,4,95.46101029,35.64378916,12.94551127,144.0503107
27-01-2023 18:00,14.22896014,61.578011,18,4,76.9350899,49.31923724,29.46153596,155.7158631
27-01-2023 19:00,16.54994704,66.65565112,19,4,74.8906254,42.71930621,25.18585014,142.7957818
27-01-2023 20:00,12.39524264,36.57838426,20,4,55.273685,24.85014309,29.35522931,109.4790574
27-01-2023 21:00,27.81054561,65.79124823,21,4,82.83900524,0,18.79480973,101.633815
27-01-2023 22:00,21.87184907,75.45162603,22,4,91.10515803,0,15.56736963,106.6725277
27-01-2023 23:00,23.58204638,38.98415544,23,4,69.02100038,0,25.96586394,94.98686432
28-01-2023 00:00,25.78342477,41.87716625,0,5,88.78059255,0,0,88.78059255
28-01-2023 01:00,19.96884398,78.5697547,1,5,98.2238327,0,0,98.2238327
28-01-2023 02:00,11.73840576,39.04884764,2,5,60.18832296,0,0,60.18832296
28-01-2023 03:00,20.74213084,72.71925467,3,5,76.16648156,0,0,76.16648156
28-01-2023 04:00,21.73682236,54.61389282,4,5,64.3568979,0,0,64.3568979
28-01-2023 05:00,24.90878948,42.36155372,5,5,89.64272095,0,0,89.64272095
28-01-2023 06:00,18.63319092,73.53749506,6,5,78.87966829,0,0,78.87966829
28-01-2023 07:00,12.55160606,52.26526275,7,5,81.72912088,0,0,81.72912088
28-01-2023 08:00,15.67551812,55.7408677,8,5,89.89570798,30.71088032,0,120.6065883
28-01-2023 09:00,17.26164593,47.96166847,9,5,69.79852363,47.78582205,0,117.5843457
28-01-2023 10:00,22.91834483,59.64754257,10,5,95.75450342,26.86030339,0,122.6148068
28-01-2023 11:00,21.41556609,38.17619363,11,5,76.65144336,39.03091067,0,115.682354
28-01-2023 12:00,17.12193452,49.55407683,12,5,57.89774114,26.66227612,0,84.56001726
28-01-2023 13:00,29.73030498,78.47061612,13,5,84.79495591,29.65009969,0,114.4450556
28-01-2023 14:00,22.11549639,42.90667164,14,5,89.66306752,45.44126269,0,135.1043302
28-01-2023 15:00,14.74453583,62.83683323,15,5,65.83808385,41.86584327,0,107.7039271
28-01-2023 16:00,12.03564945,46.25950321,16,5,92.85896285,22.86197832,0,115.7209412
28-01-2023 17:00,13.05718278,68.67365628,17,5,95.30716274,32.86106063,0,128.1682234
28-01-2023 18:00,14.91915457,36.54368304,18,5,63.84522437,20.87509291,0,84.72031728
28-01-2023 19:00,13.21362747,78.49105225,19,5,99.17607364,34.4267044,0,133.602778
28-01-2023 20:00,13.73134048,52.68947707,20,5,57.0355764,39.87302035,0,96.90859675
28-01-2023 21:00,15.70190337,41.80252317,21,5,60.10078342,0,0,60.10078342
28-01-2023 22:00,13.46747191,33.67483737,22,5,59.21124196,0,0,59.21124196
28-01-2023 23:00,27.93530849,38.48789525,23,5,94.6994855,0,0,94.6994855
29-01-2023 00:00,11.60467491,55.98869743,0,6,82.71462762,0,0,82.71462762
29-01-2023 01:00,20.49022779,46.85015882,1,6,57.60521416,0,0,57.60521416
29-01-2023 02:00,18.20793654,71.44416829,2,6,72.01617092,0,0,72.01617092
29-01-2023 03:00,29.64757234,51.54437618,3,6,80.76490125,0,0,80.76490125
29-01-2023 04:00,12.24077804,42.43571363,4,6,54.17320425,0,0,54.17320425
29-01-2023 05:00,17.95711198,60.85724933,5,6,94.12081842,0,0,94.12081842
29-01-2023 06:00,29.38940867,65.33886084,6,6,90.18017677,0,0,90.18017677
29-01-2023 07:00,27.31014252,38.3520954,7,6,75.26033868,0,0,75.26033868
29-01-2023 08:00,26.34144142,38.38096081,8,6,98.35633076,48.52785784,0,146.8841886
29-01-2023 09:00,15.15805654,31.83357135,9,6,70.88804896,37.31367758,0,108.2017265
29-01-2023 10:00,13.41775175,66.82010075,10,6,99.20551595,30.71363478,0,129.9191507
29-01-2023 11:00,23.3728644,63.19022638,11,6,83.39599994,43.62647258,0,127.0224725
29-01-2023 12:00,28.58751978,53.73154379,12,6,81.73356366,27.5300415,0,109.2636052
29-01-2023 13:00,21.13525786,72.20852245,13,6,58.29774476,36.92222087,0,95.21996563
29-01-2023 14:00,21.43225379,70.28350765,14,6,94.09638792,30.75735385,0,124.8537418
29-01-2023 15:00,15.59958187,59.26771822,15,6,71.3744844,39.69893221,0,111.0734166
29-01-2023 16:00,25.38985866,73.41356403,16,6,58.11167029,27.21196739,0,85.32363768
29-01-2023 17:00,13.74087497,40.2920605,17,6,50.630376,25.74778837,0,76.37816437
29-01-2023 18:00,16.47358473,35.59598097,18,6,77.98778418,47.5471726,0,125.5349568
29-01-2023 19:00,18.50872877,43.48748058,19,6,76.36998111,23.05411049,0,99.42409159
29-01-2023 20:00,20.15220757,32.8543428,20,6,85.96768112,35.17873723,0,121.1464184
29-01-2023 21:00,14.84819465,56.5584764,21,6,94.51290265,0,0,94.51290265
29-01-2023 22:00,12.29673649,76.83028461,22,6,53.97032923,0,0,53.97032923
29-01-2023 23:00,22.21240085,31.96717703,23,6,86.57482452,0,0,86.57482452
30-01-2023 00:00,15.77261106,36.1054957,0,0,59.3705972,0,19.66361727,79.03421447
30-01-2023 01:00,21.62476443,52.60995141,1,0,92.90885266,0,26.76460842,119.6734611
30-01-2023 02:00,13.08725431,76.69375088,2,0,90.95317569,0,17.22807558,108.1812513
30-01-2023 03:00,19.62280204,45.80780525,3,0,77.03968775,0,27.1958935,104.2355812
30-01-2023 04:00,20.65178865,55.36174043,4,0,85.51213993,0,18.13609602,103.648236
30-01-2023 05:00,11.03647074,32.07864295,5,0,65.71750566,0,16.56466211,82.28216777
30-01-2023 06:00,16.73208556,37.41716005,6,0,73.55839495,0,19.07979822,92.63819317
30-01-2023 07:00,12.68829354,79.33150615,7,0,91.08184489,0,25.24893917,116.3307841
30-01-2023 08:00,11.26749941,78.25593482,8,0,72.96325986,42.76328761,12.52004056,128.246588
30-01-2023 09:00,29.79920465,30.24699905,9,0,67.88991327,28.47488198,13.92838432,110.2931796
30-01-2023 10:00,16.4470769,77.59058927,10,0,74.71062236,30.59151175,29.02889651,134.3310306
30-01-2023 11:00,26.19748892,61.95599689,11,0,91.41246262,46.82282908,13.50983255,151.7451242
30-01-2023 12:00,15.0928131,73.39591473,12,0,66.76040237,48.39369539,21.35454636,136.5086441
30-01-2023 13:00,23.63005444,52.73699278,13,0,58.68807966,46.77674682,21.58628933,127.0511158
30-01-2023 14:00,25.2045572,55.77980143,14,0,85.60070102,32.58343982,19.79248924,137.9766301
30-01-2023 15:00,21.91277481,54.44232901,15,0,91.29891064,43.41096509,22.89490497,157.6047807
30-01-2023 16:00,19.43152377,63.34321288,16,0,55.03187393,34.290072,14.59653452,103.9184804
30-01-2023 17:00,18.23681828,36.98256274,17,0,61.99370564,34.92619556,21.05324536,117.9731466
30-01-2023 18:00,16.97736533,31.49867949,18,0,57.09859949,26.14040327,17.4434651,100.6824679
30-01-2023 19:00,28.59058288,45.39649708,19,0,67.39707058,37.7339091,23.23334519,128.3643249
30-01-2023 20:00,26.61238816,65.23403814,20,0,72.51754895,25.58407693,12.82447087,110.9260967
30-01-2023 21:00,29.30053821,40.09267261,21,0,87.44131685,0,21.41754834,108.8588652
30-01-2023 22:00,12.48594447,63.67162167,22,0,82.55737924,0,13.70540711,96.26278635
30-01-2023 23:00,24.6173495,78.49560231,23,0,81.04642837,0,15.57286126,96.61928964
31-01-2023 00:00,28.76680914,34.69503579,0,1,67.61874733,0,14.37419601,81.99294334
